graph_id,family,encoding_id,code_length,hamming_distance,edge_count,edge_fraction
icosphere_l0,icosphere_triangulation,canonical_index_binary,4,0,0,0.0
icosphere_l0,icosphere_triangulation,canonical_index_binary,4,1,10,0.3333333333333333
icosphere_l0,icosphere_triangulation,canonical_index_binary,4,2,10,0.3333333333333333
icosphere_l0,icosphere_triangulation,canonical_index_binary,4,3,8,0.26666666666666666
icosphere_l0,icosphere_triangulation,canonical_index_binary,4,4,2,0.06666666666666667
icosphere_l0,icosphere_triangulation,canonical_index_gray,4,0,0,0.0
icosphere_l0,icosphere_triangulation,canonical_index_gray,4,1,10,0.3333333333333333
icosphere_l0,icosphere_triangulation,canonical_index_gray,4,2,10,0.3333333333333333
icosphere_l0,icosphere_triangulation,canonical_index_gray,4,3,8,0.26666666666666666
icosphere_l0,icosphere_triangulation,canonical_index_gray,4,4,2,0.06666666666666667
icosphere_l1,icosphere_triangulation,canonical_index_binary,6,0,0,0.0
icosphere_l1,icosphere_triangulation,canonical_index_binary,6,1,28,0.23333333333333334
icosphere_l1,icosphere_triangulation,canonical_index_binary,6,2,27,0.225
icosphere_l1,icosphere_triangulation,canonical_index_binary,6,3,36,0.3
icosphere_l1,icosphere_triangulation,canonical_index_binary,6,4,18,0.15
icosphere_l1,icosphere_triangulation,canonical_index_binary,6,5,10,0.08333333333333333
icosphere_l1,icosphere_triangulation,canonical_index_binary,6,6,1,0.008333333333333333
icosphere_l1,icosphere_triangulation,canonical_index_gray,6,0,0,0.0
icosphere_l1,icosphere_triangulation,canonical_index_gray,6,1,35,0.2916666666666667
icosphere_l1,icosphere_triangulation,canonical_index_gray,6,2,38,0.31666666666666665
icosphere_l1,icosphere_triangulation,canonical_index_gray,6,3,29,0.24166666666666667
icosphere_l1,icosphere_triangulation,canonical_index_gray,6,4,12,0.1
icosphere_l1,icosphere_triangulation,canonical_index_gray,6,5,6,0.05
icosphere_l1,icosphere_triangulation,canonical_index_gray,6,6,0,0.0
icosphere_l2,icosphere_triangulation,canonical_index_binary,8,0,0,0.0
icosphere_l2,icosphere_triangulation,canonical_index_binary,8,1,63,0.13125
icosphere_l2,icosphere_triangulation,canonical_index_binary,8,2,93,0.19375
icosphere_l2,icosphere_triangulation,canonical_index_binary,8,3,93,0.19375
icosphere_l2,icosphere_triangulation,canonical_index_binary,8,4,102,0.2125
icosphere_l2,icosphere_triangulation,canonical_index_binary,8,5,87,0.18125
icosphere_l2,icosphere_triangulation,canonical_index_binary,8,6,29,0.06041666666666667
icosphere_l2,icosphere_triangulation,canonical_index_binary,8,7,11,0.022916666666666665
icosphere_l2,icosphere_triangulation,canonical_index_binary,8,8,2,0.004166666666666667
icosphere_l2,icosphere_triangulation,canonical_index_gray,8,0,0,0.0
icosphere_l2,icosphere_triangulation,canonical_index_gray,8,1,95,0.19791666666666666
icosphere_l2,icosphere_triangulation,canonical_index_gray,8,2,79,0.16458333333333333
icosphere_l2,icosphere_triangulation,canonical_index_gray,8,3,101,0.21041666666666667
icosphere_l2,icosphere_triangulation,canonical_index_gray,8,4,97,0.20208333333333334
icosphere_l2,icosphere_triangulation,canonical_index_gray,8,5,63,0.13125
icosphere_l2,icosphere_triangulation,canonical_index_gray,8,6,35,0.07291666666666667
icosphere_l2,icosphere_triangulation,canonical_index_gray,8,7,9,0.01875
icosphere_l2,icosphere_triangulation,canonical_index_gray,8,8,1,0.0020833333333333333
icosphere_l3,icosphere_triangulation,canonical_index_binary,10,0,0,0.0
icosphere_l3,icosphere_triangulation,canonical_index_binary,10,1,272,0.14166666666666666
icosphere_l3,icosphere_triangulation,canonical_index_binary,10,2,256,0.13333333333333333
icosphere_l3,icosphere_triangulation,canonical_index_binary,10,3,253,0.13177083333333334
icosphere_l3,icosphere_triangulation,canonical_index_binary,10,4,342,0.178125
icosphere_l3,icosphere_triangulation,canonical_index_binary,10,5,318,0.165625
icosphere_l3,icosphere_triangulation,canonical_index_binary,10,6,286,0.14895833333333333
icosphere_l3,icosphere_triangulation,canonical_index_binary,10,7,131,0.06822916666666666
icosphere_l3,icosphere_triangulation,canonical_index_binary,10,8,52,0.027083333333333334
icosphere_l3,icosphere_triangulation,canonical_index_binary,10,9,8,0.004166666666666667
icosphere_l3,icosphere_triangulation,canonical_index_binary,10,10,2,0.0010416666666666667
icosphere_l3,icosphere_triangulation,canonical_index_gray,10,0,0,0.0
icosphere_l3,icosphere_triangulation,canonical_index_gray,10,1,362,0.18854166666666666
icosphere_l3,icosphere_triangulation,canonical_index_gray,10,2,272,0.14166666666666666
icosphere_l3,icosphere_triangulation,canonical_index_gray,10,3,225,0.1171875
icosphere_l3,icosphere_triangulation,canonical_index_gray,10,4,311,0.16197916666666667
icosphere_l3,icosphere_triangulation,canonical_index_gray,10,5,307,0.15989583333333332
icosphere_l3,icosphere_triangulation,canonical_index_gray,10,6,239,0.12447916666666667
icosphere_l3,icosphere_triangulation,canonical_index_gray,10,7,130,0.06770833333333333
icosphere_l3,icosphere_triangulation,canonical_index_gray,10,8,60,0.03125
icosphere_l3,icosphere_triangulation,canonical_index_gray,10,9,12,0.00625
icosphere_l3,icosphere_triangulation,canonical_index_gray,10,10,2,0.0010416666666666667
primitive_q2_knn4,primitive_integer_directions,canonical_index_binary,7,0,0,0.0
primitive_q2_knn4,primitive_integer_directions,canonical_index_binary,7,1,45,0.17045454545454544
primitive_q2_knn4,primitive_integer_directions,canonical_index_binary,7,2,60,0.22727272727272727
primitive_q2_knn4,primitive_integer_directions,canonical_index_binary,7,3,77,0.2916666666666667
primitive_q2_knn4,primitive_integer_directions,canonical_index_binary,7,4,43,0.16287878787878787
primitive_q2_knn4,primitive_integer_directions,canonical_index_binary,7,5,28,0.10606060606060606
primitive_q2_knn4,primitive_integer_directions,canonical_index_binary,7,6,9,0.03409090909090909
primitive_q2_knn4,primitive_integer_directions,canonical_index_binary,7,7,2,0.007575757575757576
primitive_q2_knn4,primitive_integer_directions,canonical_index_gray,7,0,0,0.0
primitive_q2_knn4,primitive_integer_directions,canonical_index_gray,7,1,69,0.26136363636363635
primitive_q2_knn4,primitive_integer_directions,canonical_index_gray,7,2,49,0.1856060606060606
primitive_q2_knn4,primitive_integer_directions,canonical_index_gray,7,3,78,0.29545454545454547
primitive_q2_knn4,primitive_integer_directions,canonical_index_gray,7,4,42,0.1590909090909091
primitive_q2_knn4,primitive_integer_directions,canonical_index_gray,7,5,19,0.07196969696969698
primitive_q2_knn4,primitive_integer_directions,canonical_index_gray,7,6,7,0.026515151515151516
primitive_q2_knn4,primitive_integer_directions,canonical_index_gray,7,7,0,0.0
primitive_q2_knn4,primitive_integer_directions,cartesian_coordinate_binary,9,0,0,0.0
primitive_q2_knn4,primitive_integer_directions,cartesian_coordinate_binary,9,1,72,0.2727272727272727
primitive_q2_knn4,primitive_integer_directions,cartesian_coordinate_binary,9,2,48,0.18181818181818182
primitive_q2_knn4,primitive_integer_directions,cartesian_coordinate_binary,9,3,69,0.26136363636363635
primitive_q2_knn4,primitive_integer_directions,cartesian_coordinate_binary,9,4,33,0.125
primitive_q2_knn4,primitive_integer_directions,cartesian_coordinate_binary,9,5,24,0.09090909090909091
primitive_q2_knn4,primitive_integer_directions,cartesian_coordinate_binary,9,6,12,0.045454545454545456
primitive_q2_knn4,primitive_integer_directions,cartesian_coordinate_binary,9,7,3,0.011363636363636364
primitive_q2_knn4,primitive_integer_directions,cartesian_coordinate_binary,9,8,3,0.011363636363636364
primitive_q2_knn4,primitive_integer_directions,cartesian_coordinate_binary,9,9,0,0.0
primitive_q2_knn4,primitive_integer_directions,cartesian_coordinate_gray,9,0,0,0.0
primitive_q2_knn4,primitive_integer_directions,cartesian_coordinate_gray,9,1,144,0.5454545454545454
primitive_q2_knn4,primitive_integer_directions,cartesian_coordinate_gray,9,2,96,0.36363636363636365
primitive_q2_knn4,primitive_integer_directions,cartesian_coordinate_gray,9,3,24,0.09090909090909091
primitive_q2_knn4,primitive_integer_directions,cartesian_coordinate_gray,9,4,0,0.0
primitive_q2_knn4,primitive_integer_directions,cartesian_coordinate_gray,9,5,0,0.0
primitive_q2_knn4,primitive_integer_directions,cartesian_coordinate_gray,9,6,0,0.0
primitive_q2_knn4,primitive_integer_directions,cartesian_coordinate_gray,9,7,0,0.0
primitive_q2_knn4,primitive_integer_directions,cartesian_coordinate_gray,9,8,0,0.0
primitive_q2_knn4,primitive_integer_directions,cartesian_coordinate_gray,9,9,0,0.0
primitive_q2_knn6,primitive_integer_directions,canonical_index_binary,7,0,0,0.0
primitive_q2_knn6,primitive_integer_directions,canonical_index_binary,7,1,53,0.15773809523809523
primitive_q2_knn6,primitive_integer_directions,canonical_index_binary,7,2,83,0.24702380952380953
primitive_q2_knn6,primitive_integer_directions,canonical_index_binary,7,3,92,0.27380952380952384
primitive_q2_knn6,primitive_integer_directions,canonical_index_binary,7,4,53,0.15773809523809523
primitive_q2_knn6,primitive_integer_directions,canonical_index_binary,7,5,41,0.12202380952380952
primitive_q2_knn6,primitive_integer_directions,canonical_index_binary,7,6,12,0.03571428571428571
primitive_q2_knn6,primitive_integer_directions,canonical_index_binary,7,7,2,0.005952380952380952
primitive_q2_knn6,primitive_integer_directions,canonical_index_gray,7,0,0,0.0
primitive_q2_knn6,primitive_integer_directions,canonical_index_gray,7,1,70,0.20833333333333334
primitive_q2_knn6,primitive_integer_directions,canonical_index_gray,7,2,71,0.2113095238095238
primitive_q2_knn6,primitive_integer_directions,canonical_index_gray,7,3,100,0.2976190476190476
primitive_q2_knn6,primitive_integer_directions,canonical_index_gray,7,4,64,0.19047619047619047
primitive_q2_knn6,primitive_integer_directions,canonical_index_gray,7,5,24,0.07142857142857142
primitive_q2_knn6,primitive_integer_directions,canonical_index_gray,7,6,7,0.020833333333333332
primitive_q2_knn6,primitive_integer_directions,canonical_index_gray,7,7,0,0.0
primitive_q2_knn6,primitive_integer_directions,cartesian_coordinate_binary,9,0,0,0.0
primitive_q2_knn6,primitive_integer_directions,cartesian_coordinate_binary,9,1,72,0.21428571428571427
primitive_q2_knn6,primitive_integer_directions,cartesian_coordinate_binary,9,2,60,0.17857142857142858
primitive_q2_knn6,primitive_integer_directions,cartesian_coordinate_binary,9,3,84,0.25
primitive_q2_knn6,primitive_integer_directions,cartesian_coordinate_binary,9,4,51,0.15178571428571427
primitive_q2_knn6,primitive_integer_directions,cartesian_coordinate_binary,9,5,42,0.125
primitive_q2_knn6,primitive_integer_directions,cartesian_coordinate_binary,9,6,18,0.05357142857142857
primitive_q2_knn6,primitive_integer_directions,cartesian_coordinate_binary,9,7,6,0.017857142857142856
primitive_q2_knn6,primitive_integer_directions,cartesian_coordinate_binary,9,8,3,0.008928571428571428
primitive_q2_knn6,primitive_integer_directions,cartesian_coordinate_binary,9,9,0,0.0
primitive_q2_knn6,primitive_integer_directions,cartesian_coordinate_gray,9,0,0,0.0
primitive_q2_knn6,primitive_integer_directions,cartesian_coordinate_gray,9,1,144,0.42857142857142855
primitive_q2_knn6,primitive_integer_directions,cartesian_coordinate_gray,9,2,144,0.42857142857142855
primitive_q2_knn6,primitive_integer_directions,cartesian_coordinate_gray,9,3,48,0.14285714285714285
primitive_q2_knn6,primitive_integer_directions,cartesian_coordinate_gray,9,4,0,0.0
primitive_q2_knn6,primitive_integer_directions,cartesian_coordinate_gray,9,5,0,0.0
primitive_q2_knn6,primitive_integer_directions,cartesian_coordinate_gray,9,6,0,0.0
primitive_q2_knn6,primitive_integer_directions,cartesian_coordinate_gray,9,7,0,0.0
primitive_q2_knn6,primitive_integer_directions,cartesian_coordinate_gray,9,8,0,0.0
primitive_q2_knn6,primitive_integer_directions,cartesian_coordinate_gray,9,9,0,0.0
primitive_q2_knn8,primitive_integer_directions,canonical_index_binary,7,0,0,0.0
primitive_q2_knn8,primitive_integer_directions,canonical_index_binary,7,1,65,0.1463963963963964
primitive_q2_knn8,primitive_integer_directions,canonical_index_binary,7,2,109,0.24549549549549549
primitive_q2_knn8,primitive_integer_directions,canonical_index_binary,7,3,123,0.27702702702702703
primitive_q2_knn8,primitive_integer_directions,canonical_index_binary,7,4,71,0.15990990990990991
primitive_q2_knn8,primitive_integer_directions,canonical_index_binary,7,5,54,0.12162162162162163
primitive_q2_knn8,primitive_integer_directions,canonical_index_binary,7,6,19,0.04279279279279279
primitive_q2_knn8,primitive_integer_directions,canonical_index_binary,7,7,3,0.006756756756756757
primitive_q2_knn8,primitive_integer_directions,canonical_index_gray,7,0,0,0.0
primitive_q2_knn8,primitive_integer_directions,canonical_index_gray,7,1,86,0.19369369369369369
primitive_q2_knn8,primitive_integer_directions,canonical_index_gray,7,2,96,0.21621621621621623
primitive_q2_knn8,primitive_integer_directions,canonical_index_gray,7,3,128,0.2882882882882883
primitive_q2_knn8,primitive_integer_directions,canonical_index_gray,7,4,88,0.1981981981981982
primitive_q2_knn8,primitive_integer_directions,canonical_index_gray,7,5,38,0.08558558558558559
primitive_q2_knn8,primitive_integer_directions,canonical_index_gray,7,6,8,0.018018018018018018
primitive_q2_knn8,primitive_integer_directions,canonical_index_gray,7,7,0,0.0
primitive_q2_knn8,primitive_integer_directions,cartesian_coordinate_binary,9,0,0,0.0
primitive_q2_knn8,primitive_integer_directions,cartesian_coordinate_binary,9,1,84,0.1891891891891892
primitive_q2_knn8,primitive_integer_directions,cartesian_coordinate_binary,9,2,93,0.20945945945945946
primitive_q2_knn8,primitive_integer_directions,cartesian_coordinate_binary,9,3,96,0.21621621621621623
primitive_q2_knn8,primitive_integer_directions,cartesian_coordinate_binary,9,4,87,0.19594594594594594
primitive_q2_knn8,primitive_integer_directions,cartesian_coordinate_binary,9,5,42,0.0945945945945946
primitive_q2_knn8,primitive_integer_directions,cartesian_coordinate_binary,9,6,33,0.07432432432432433
primitive_q2_knn8,primitive_integer_directions,cartesian_coordinate_binary,9,7,6,0.013513513513513514
primitive_q2_knn8,primitive_integer_directions,cartesian_coordinate_binary,9,8,3,0.006756756756756757
primitive_q2_knn8,primitive_integer_directions,cartesian_coordinate_binary,9,9,0,0.0
primitive_q2_knn8,primitive_integer_directions,cartesian_coordinate_gray,9,0,0,0.0
primitive_q2_knn8,primitive_integer_directions,cartesian_coordinate_gray,9,1,168,0.3783783783783784
primitive_q2_knn8,primitive_integer_directions,cartesian_coordinate_gray,9,2,228,0.5135135135135135
primitive_q2_knn8,primitive_integer_directions,cartesian_coordinate_gray,9,3,48,0.10810810810810811
primitive_q2_knn8,primitive_integer_directions,cartesian_coordinate_gray,9,4,0,0.0
primitive_q2_knn8,primitive_integer_directions,cartesian_coordinate_gray,9,5,0,0.0
primitive_q2_knn8,primitive_integer_directions,cartesian_coordinate_gray,9,6,0,0.0
primitive_q2_knn8,primitive_integer_directions,cartesian_coordinate_gray,9,7,0,0.0
primitive_q2_knn8,primitive_integer_directions,cartesian_coordinate_gray,9,8,0,0.0
primitive_q2_knn8,primitive_integer_directions,cartesian_coordinate_gray,9,9,0,0.0
primitive_q3_knn4,primitive_integer_directions,canonical_index_binary,9,0,0,0.0
primitive_q3_knn4,primitive_integer_directions,canonical_index_binary,9,1,99,0.13306451612903225
primitive_q3_knn4,primitive_integer_directions,canonical_index_binary,9,2,132,0.1774193548387097
primitive_q3_knn4,primitive_integer_directions,canonical_index_binary,9,3,169,0.2271505376344086
primitive_q3_knn4,primitive_integer_directions,canonical_index_binary,9,4,144,0.1935483870967742
primitive_q3_knn4,primitive_integer_directions,canonical_index_binary,9,5,97,0.1303763440860215
primitive_q3_knn4,primitive_integer_directions,canonical_index_binary,9,6,70,0.09408602150537634
primitive_q3_knn4,primitive_integer_directions,canonical_index_binary,9,7,19,0.025537634408602152
primitive_q3_knn4,primitive_integer_directions,canonical_index_binary,9,8,13,0.01747311827956989
primitive_q3_knn4,primitive_integer_directions,canonical_index_binary,9,9,1,0.0013440860215053765
primitive_q3_knn4,primitive_integer_directions,canonical_index_gray,9,0,0,0.0
primitive_q3_knn4,primitive_integer_directions,canonical_index_gray,9,1,184,0.24731182795698925
primitive_q3_knn4,primitive_integer_directions,canonical_index_gray,9,2,123,0.16532258064516128
primitive_q3_knn4,primitive_integer_directions,canonical_index_gray,9,3,181,0.24327956989247312
primitive_q3_knn4,primitive_integer_directions,canonical_index_gray,9,4,132,0.1774193548387097
primitive_q3_knn4,primitive_integer_directions,canonical_index_gray,9,5,86,0.11559139784946236
primitive_q3_knn4,primitive_integer_directions,canonical_index_gray,9,6,32,0.043010752688172046
primitive_q3_knn4,primitive_integer_directions,canonical_index_gray,9,7,5,0.006720430107526882
primitive_q3_knn4,primitive_integer_directions,canonical_index_gray,9,8,1,0.0013440860215053765
primitive_q3_knn4,primitive_integer_directions,canonical_index_gray,9,9,0,0.0
primitive_q3_knn4,primitive_integer_directions,cartesian_coordinate_binary,9,0,0,0.0
primitive_q3_knn4,primitive_integer_directions,cartesian_coordinate_binary,9,1,216,0.2903225806451613
primitive_q3_knn4,primitive_integer_directions,cartesian_coordinate_binary,9,2,216,0.2903225806451613
primitive_q3_knn4,primitive_integer_directions,cartesian_coordinate_binary,9,3,150,0.20161290322580644
primitive_q3_knn4,primitive_integer_directions,cartesian_coordinate_binary,9,4,90,0.12096774193548387
primitive_q3_knn4,primitive_integer_directions,cartesian_coordinate_binary,9,5,48,0.06451612903225806
primitive_q3_knn4,primitive_integer_directions,cartesian_coordinate_binary,9,6,18,0.024193548387096774
primitive_q3_knn4,primitive_integer_directions,cartesian_coordinate_binary,9,7,6,0.008064516129032258
primitive_q3_knn4,primitive_integer_directions,cartesian_coordinate_binary,9,8,0,0.0
primitive_q3_knn4,primitive_integer_directions,cartesian_coordinate_binary,9,9,0,0.0
primitive_q3_knn4,primitive_integer_directions,cartesian_coordinate_gray,9,0,0,0.0
primitive_q3_knn4,primitive_integer_directions,cartesian_coordinate_gray,9,1,432,0.5806451612903226
primitive_q3_knn4,primitive_integer_directions,cartesian_coordinate_gray,9,2,96,0.12903225806451613
primitive_q3_knn4,primitive_integer_directions,cartesian_coordinate_gray,9,3,144,0.1935483870967742
primitive_q3_knn4,primitive_integer_directions,cartesian_coordinate_gray,9,4,24,0.03225806451612903
primitive_q3_knn4,primitive_integer_directions,cartesian_coordinate_gray,9,5,48,0.06451612903225806
primitive_q3_knn4,primitive_integer_directions,cartesian_coordinate_gray,9,6,0,0.0
primitive_q3_knn4,primitive_integer_directions,cartesian_coordinate_gray,9,7,0,0.0
primitive_q3_knn4,primitive_integer_directions,cartesian_coordinate_gray,9,8,0,0.0
primitive_q3_knn4,primitive_integer_directions,cartesian_coordinate_gray,9,9,0,0.0
primitive_q3_knn6,primitive_integer_directions,canonical_index_binary,9,0,0,0.0
primitive_q3_knn6,primitive_integer_directions,canonical_index_binary,9,1,124,0.11231884057971014
primitive_q3_knn6,primitive_integer_directions,canonical_index_binary,9,2,183,0.16576086956521738
primitive_q3_knn6,primitive_integer_directions,canonical_index_binary,9,3,259,0.2346014492753623
primitive_q3_knn6,primitive_integer_directions,canonical_index_binary,9,4,219,0.1983695652173913
primitive_q3_knn6,primitive_integer_directions,canonical_index_binary,9,5,161,0.14583333333333334
primitive_q3_knn6,primitive_integer_directions,canonical_index_binary,9,6,105,0.09510869565217392
primitive_q3_knn6,primitive_integer_directions,canonical_index_binary,9,7,30,0.02717391304347826
primitive_q3_knn6,primitive_integer_directions,canonical_index_binary,9,8,19,0.017210144927536232
primitive_q3_knn6,primitive_integer_directions,canonical_index_binary,9,9,4,0.0036231884057971015
primitive_q3_knn6,primitive_integer_directions,canonical_index_gray,9,0,0,0.0
primitive_q3_knn6,primitive_integer_directions,canonical_index_gray,9,1,206,0.18659420289855072
primitive_q3_knn6,primitive_integer_directions,canonical_index_gray,9,2,196,0.17753623188405798
primitive_q3_knn6,primitive_integer_directions,canonical_index_gray,9,3,282,0.2554347826086957
primitive_q3_knn6,primitive_integer_directions,canonical_index_gray,9,4,208,0.18840579710144928
primitive_q3_knn6,primitive_integer_directions,canonical_index_gray,9,5,140,0.12681159420289856
primitive_q3_knn6,primitive_integer_directions,canonical_index_gray,9,6,61,0.0552536231884058
primitive_q3_knn6,primitive_integer_directions,canonical_index_gray,9,7,10,0.009057971014492754
primitive_q3_knn6,primitive_integer_directions,canonical_index_gray,9,8,1,0.0009057971014492754
primitive_q3_knn6,primitive_integer_directions,canonical_index_gray,9,9,0,0.0
primitive_q3_knn6,primitive_integer_directions,cartesian_coordinate_binary,9,0,0,0.0
primitive_q3_knn6,primitive_integer_directions,cartesian_coordinate_binary,9,1,228,0.20652173913043478
primitive_q3_knn6,primitive_integer_directions,cartesian_coordinate_binary,9,2,294,0.266304347826087
primitive_q3_knn6,primitive_integer_directions,cartesian_coordinate_binary,9,3,264,0.2391304347826087
primitive_q3_knn6,primitive_integer_directions,cartesian_coordinate_binary,9,4,180,0.16304347826086957
primitive_q3_knn6,primitive_integer_directions,cartesian_coordinate_binary,9,5,108,0.09782608695652174
primitive_q3_knn6,primitive_integer_directions,cartesian_coordinate_binary,9,6,18,0.016304347826086956
primitive_q3_knn6,primitive_integer_directions,cartesian_coordinate_binary,9,7,12,0.010869565217391304
primitive_q3_knn6,primitive_integer_directions,cartesian_coordinate_binary,9,8,0,0.0
primitive_q3_knn6,primitive_integer_directions,cartesian_coordinate_binary,9,9,0,0.0
primitive_q3_knn6,primitive_integer_directions,cartesian_coordinate_gray,9,0,0,0.0
primitive_q3_knn6,primitive_integer_directions,cartesian_coordinate_gray,9,1,456,0.41304347826086957
primitive_q3_knn6,primitive_integer_directions,cartesian_coordinate_gray,9,2,360,0.32608695652173914
primitive_q3_knn6,primitive_integer_directions,cartesian_coordinate_gray,9,3,144,0.13043478260869565
primitive_q3_knn6,primitive_integer_directions,cartesian_coordinate_gray,9,4,96,0.08695652173913043
primitive_q3_knn6,primitive_integer_directions,cartesian_coordinate_gray,9,5,48,0.043478260869565216
primitive_q3_knn6,primitive_integer_directions,cartesian_coordinate_gray,9,6,0,0.0
primitive_q3_knn6,primitive_integer_directions,cartesian_coordinate_gray,9,7,0,0.0
primitive_q3_knn6,primitive_integer_directions,cartesian_coordinate_gray,9,8,0,0.0
primitive_q3_knn6,primitive_integer_directions,cartesian_coordinate_gray,9,9,0,0.0
primitive_q3_knn8,primitive_integer_directions,canonical_index_binary,9,0,0,0.0
primitive_q3_knn8,primitive_integer_directions,canonical_index_binary,9,1,150,0.1059322033898305
primitive_q3_knn8,primitive_integer_directions,canonical_index_binary,9,2,225,0.15889830508474576
primitive_q3_knn8,primitive_integer_directions,canonical_index_binary,9,3,326,0.23022598870056496
primitive_q3_knn8,primitive_integer_directions,canonical_index_binary,9,4,291,0.2055084745762712
primitive_q3_knn8,primitive_integer_directions,canonical_index_binary,9,5,215,0.1518361581920904
primitive_q3_knn8,primitive_integer_directions,canonical_index_binary,9,6,132,0.09322033898305085
primitive_q3_knn8,primitive_integer_directions,canonical_index_binary,9,7,49,0.0346045197740113
primitive_q3_knn8,primitive_integer_directions,canonical_index_binary,9,8,21,0.014830508474576272
primitive_q3_knn8,primitive_integer_directions,canonical_index_binary,9,9,7,0.0049435028248587575
primitive_q3_knn8,primitive_integer_directions,canonical_index_gray,9,0,0,0.0
primitive_q3_knn8,primitive_integer_directions,canonical_index_gray,9,1,234,0.1652542372881356
primitive_q3_knn8,primitive_integer_directions,canonical_index_gray,9,2,246,0.17372881355932204
primitive_q3_knn8,primitive_integer_directions,canonical_index_gray,9,3,342,0.24152542372881355
primitive_q3_knn8,primitive_integer_directions,canonical_index_gray,9,4,290,0.20480225988700565
primitive_q3_knn8,primitive_integer_directions,canonical_index_gray,9,5,205,0.14477401129943504
primitive_q3_knn8,primitive_integer_directions,canonical_index_gray,9,6,85,0.06002824858757062
primitive_q3_knn8,primitive_integer_directions,canonical_index_gray,9,7,13,0.009180790960451978
primitive_q3_knn8,primitive_integer_directions,canonical_index_gray,9,8,1,0.0007062146892655367
primitive_q3_knn8,primitive_integer_directions,canonical_index_gray,9,9,0,0.0
primitive_q3_knn8,primitive_integer_directions,cartesian_coordinate_binary,9,0,0,0.0
primitive_q3_knn8,primitive_integer_directions,cartesian_coordinate_binary,9,1,252,0.17796610169491525
primitive_q3_knn8,primitive_integer_directions,cartesian_coordinate_binary,9,2,360,0.2542372881355932
primitive_q3_knn8,primitive_integer_directions,cartesian_coordinate_binary,9,3,348,0.2457627118644068
primitive_q3_knn8,primitive_integer_directions,cartesian_coordinate_binary,9,4,246,0.17372881355932204
primitive_q3_knn8,primitive_integer_directions,cartesian_coordinate_binary,9,5,156,0.11016949152542373
primitive_q3_knn8,primitive_integer_directions,cartesian_coordinate_binary,9,6,42,0.029661016949152543
primitive_q3_knn8,primitive_integer_directions,cartesian_coordinate_binary,9,7,12,0.00847457627118644
primitive_q3_knn8,primitive_integer_directions,cartesian_coordinate_binary,9,8,0,0.0
primitive_q3_knn8,primitive_integer_directions,cartesian_coordinate_binary,9,9,0,0.0
primitive_q3_knn8,primitive_integer_directions,cartesian_coordinate_gray,9,0,0,0.0
primitive_q3_knn8,primitive_integer_directions,cartesian_coordinate_gray,9,1,504,0.3559322033898305
primitive_q3_knn8,primitive_integer_directions,cartesian_coordinate_gray,9,2,528,0.3728813559322034
primitive_q3_knn8,primitive_integer_directions,cartesian_coordinate_gray,9,3,144,0.1016949152542373
primitive_q3_knn8,primitive_integer_directions,cartesian_coordinate_gray,9,4,192,0.13559322033898305
primitive_q3_knn8,primitive_integer_directions,cartesian_coordinate_gray,9,5,48,0.03389830508474576
primitive_q3_knn8,primitive_integer_directions,cartesian_coordinate_gray,9,6,0,0.0
primitive_q3_knn8,primitive_integer_directions,cartesian_coordinate_gray,9,7,0,0.0
primitive_q3_knn8,primitive_integer_directions,cartesian_coordinate_gray,9,8,0,0.0
primitive_q3_knn8,primitive_integer_directions,cartesian_coordinate_gray,9,9,0,0.0
primitive_q4_knn4,primitive_integer_directions,canonical_index_binary,10,0,0,0.0
primitive_q4_knn4,primitive_integer_directions,canonical_index_binary,10,1,155,0.1094632768361582
primitive_q4_knn4,primitive_integer_directions,canonical_index_binary,10,2,224,0.15819209039548024
primitive_q4_knn4,primitive_integer_directions,canonical_index_binary,10,3,268,0.18926553672316385
primitive_q4_knn4,primitive_integer_directions,canonical_index_binary,10,4,255,0.18008474576271186
primitive_q4_knn4,primitive_integer_directions,canonical_index_binary,10,5,220,0.1553672316384181
primitive_q4_knn4,primitive_integer_directions,canonical_index_binary,10,6,168,0.11864406779661017
primitive_q4_knn4,primitive_integer_directions,canonical_index_binary,10,7,86,0.06073446327683616
primitive_q4_knn4,primitive_integer_directions,canonical_index_binary,10,8,32,0.022598870056497175
primitive_q4_knn4,primitive_integer_directions,canonical_index_binary,10,9,6,0.00423728813559322
primitive_q4_knn4,primitive_integer_directions,canonical_index_binary,10,10,2,0.0014124293785310734
primitive_q4_knn4,primitive_integer_directions,canonical_index_gray,10,0,0,0.0
primitive_q4_knn4,primitive_integer_directions,canonical_index_gray,10,1,211,0.14901129943502825
primitive_q4_knn4,primitive_integer_directions,canonical_index_gray,10,2,199,0.1405367231638418
primitive_q4_knn4,primitive_integer_directions,canonical_index_gray,10,3,329,0.2323446327683616
primitive_q4_knn4,primitive_integer_directions,canonical_index_gray,10,4,328,0.23163841807909605
primitive_q4_knn4,primitive_integer_directions,canonical_index_gray,10,5,207,0.1461864406779661
primitive_q4_knn4,primitive_integer_directions,canonical_index_gray,10,6,102,0.07203389830508475
primitive_q4_knn4,primitive_integer_directions,canonical_index_gray,10,7,32,0.022598870056497175
primitive_q4_knn4,primitive_integer_directions,canonical_index_gray,10,8,7,0.0049435028248587575
primitive_q4_knn4,primitive_integer_directions,canonical_index_gray,10,9,1,0.0007062146892655367
primitive_q4_knn4,primitive_integer_directions,canonical_index_gray,10,10,0,0.0
primitive_q4_knn4,primitive_integer_directions,cartesian_coordinate_binary,12,0,0,0.0
primitive_q4_knn4,primitive_integer_directions,cartesian_coordinate_binary,12,1,276,0.19491525423728814
primitive_q4_knn4,primitive_integer_directions,cartesian_coordinate_binary,12,2,198,0.13983050847457626
primitive_q4_knn4,primitive_integer_directions,cartesian_coordinate_binary,12,3,234,0.1652542372881356
primitive_q4_knn4,primitive_integer_directions,cartesian_coordinate_binary,12,4,315,0.22245762711864406
primitive_q4_knn4,primitive_integer_directions,cartesian_coordinate_binary,12,5,162,0.11440677966101695
primitive_q4_knn4,primitive_integer_directions,cartesian_coordinate_binary,12,6,129,0.09110169491525423
primitive_q4_knn4,primitive_integer_directions,cartesian_coordinate_binary,12,7,60,0.0423728813559322
primitive_q4_knn4,primitive_integer_directions,cartesian_coordinate_binary,12,8,27,0.019067796610169493
primitive_q4_knn4,primitive_integer_directions,cartesian_coordinate_binary,12,9,12,0.00847457627118644
primitive_q4_knn4,primitive_integer_directions,cartesian_coordinate_binary,12,10,3,0.00211864406779661
primitive_q4_knn4,primitive_integer_directions,cartesian_coordinate_binary,12,11,0,0.0
primitive_q4_knn4,primitive_integer_directions,cartesian_coordinate_binary,12,12,0,0.0
primitive_q4_knn4,primitive_integer_directions,cartesian_coordinate_gray,12,0,0,0.0
primitive_q4_knn4,primitive_integer_directions,cartesian_coordinate_gray,12,1,528,0.3728813559322034
primitive_q4_knn4,primitive_integer_directions,cartesian_coordinate_gray,12,2,372,0.2627118644067797
primitive_q4_knn4,primitive_integer_directions,cartesian_coordinate_gray,12,3,282,0.19915254237288135
primitive_q4_knn4,primitive_integer_directions,cartesian_coordinate_gray,12,4,114,0.08050847457627118
primitive_q4_knn4,primitive_integer_directions,cartesian_coordinate_gray,12,5,84,0.059322033898305086
primitive_q4_knn4,primitive_integer_directions,cartesian_coordinate_gray,12,6,12,0.00847457627118644
primitive_q4_knn4,primitive_integer_directions,cartesian_coordinate_gray,12,7,18,0.012711864406779662
primitive_q4_knn4,primitive_integer_directions,cartesian_coordinate_gray,12,8,6,0.00423728813559322
primitive_q4_knn4,primitive_integer_directions,cartesian_coordinate_gray,12,9,0,0.0
primitive_q4_knn4,primitive_integer_directions,cartesian_coordinate_gray,12,10,0,0.0
primitive_q4_knn4,primitive_integer_directions,cartesian_coordinate_gray,12,11,0,0.0
primitive_q4_knn4,primitive_integer_directions,cartesian_coordinate_gray,12,12,0,0.0
primitive_q4_knn6,primitive_integer_directions,canonical_index_binary,10,0,0,0.0
primitive_q4_knn6,primitive_integer_directions,canonical_index_binary,10,1,214,0.09798534798534798
primitive_q4_knn6,primitive_integer_directions,canonical_index_binary,10,2,337,0.1543040293040293
primitive_q4_knn6,primitive_integer_directions,canonical_index_binary,10,3,426,0.19505494505494506
primitive_q4_knn6,primitive_integer_directions,canonical_index_binary,10,4,413,0.1891025641025641
primitive_q4_knn6,primitive_integer_directions,canonical_index_binary,10,5,345,0.15796703296703296
primitive_q4_knn6,primitive_integer_directions,canonical_index_binary,10,6,247,0.1130952380952381
primitive_q4_knn6,primitive_integer_directions,canonical_index_binary,10,7,130,0.05952380952380952
primitive_q4_knn6,primitive_integer_directions,canonical_index_binary,10,8,57,0.0260989010989011
primitive_q4_knn6,primitive_integer_directions,canonical_index_binary,10,9,13,0.005952380952380952
primitive_q4_knn6,primitive_integer_directions,canonical_index_binary,10,10,2,0.0009157509157509158
primitive_q4_knn6,primitive_integer_directions,canonical_index_gray,10,0,0,0.0
primitive_q4_knn6,primitive_integer_directions,canonical_index_gray,10,1,314,0.14377289377289376
primitive_q4_knn6,primitive_integer_directions,canonical_index_gray,10,2,261,0.11950549450549451
primitive_q4_knn6,primitive_integer_directions,canonical_index_gray,10,3,565,0.2586996336996337
primitive_q4_knn6,primitive_integer_directions,canonical_index_gray,10,4,493,0.22573260073260074
primitive_q4_knn6,primitive_integer_directions,canonical_index_gray,10,5,338,0.15476190476190477
primitive_q4_knn6,primitive_integer_directions,canonical_index_gray,10,6,158,0.07234432234432235
primitive_q4_knn6,primitive_integer_directions,canonical_index_gray,10,7,46,0.021062271062271064
primitive_q4_knn6,primitive_integer_directions,canonical_index_gray,10,8,8,0.003663003663003663
primitive_q4_knn6,primitive_integer_directions,canonical_index_gray,10,9,1,0.0004578754578754579
primitive_q4_knn6,primitive_integer_directions,canonical_index_gray,10,10,0,0.0
primitive_q4_knn6,primitive_integer_directions,cartesian_coordinate_binary,12,0,0,0.0
primitive_q4_knn6,primitive_integer_directions,cartesian_coordinate_binary,12,1,396,0.1813186813186813
primitive_q4_knn6,primitive_integer_directions,cartesian_coordinate_binary,12,2,414,0.18956043956043955
primitive_q4_knn6,primitive_integer_directions,cartesian_coordinate_binary,12,3,306,0.1401098901098901
primitive_q4_knn6,primitive_integer_directions,cartesian_coordinate_binary,12,4,405,0.18543956043956045
primitive_q4_knn6,primitive_integer_directions,cartesian_coordinate_binary,12,5,282,0.12912087912087913
primitive_q4_knn6,primitive_integer_directions,cartesian_coordinate_binary,12,6,189,0.08653846153846154
primitive_q4_knn6,primitive_integer_directions,cartesian_coordinate_binary,12,7,120,0.054945054945054944
primitive_q4_knn6,primitive_integer_directions,cartesian_coordinate_binary,12,8,45,0.020604395604395604
primitive_q4_knn6,primitive_integer_directions,cartesian_coordinate_binary,12,9,24,0.01098901098901099
primitive_q4_knn6,primitive_integer_directions,cartesian_coordinate_binary,12,10,3,0.0013736263736263737
primitive_q4_knn6,primitive_integer_directions,cartesian_coordinate_binary,12,11,0,0.0
primitive_q4_knn6,primitive_integer_directions,cartesian_coordinate_binary,12,12,0,0.0
primitive_q4_knn6,primitive_integer_directions,cartesian_coordinate_gray,12,0,0,0.0
primitive_q4_knn6,primitive_integer_directions,cartesian_coordinate_gray,12,1,768,0.3516483516483517
primitive_q4_knn6,primitive_integer_directions,cartesian_coordinate_gray,12,2,612,0.2802197802197802
primitive_q4_knn6,primitive_integer_directions,cartesian_coordinate_gray,12,3,450,0.20604395604395603
primitive_q4_knn6,primitive_integer_directions,cartesian_coordinate_gray,12,4,210,0.09615384615384616
primitive_q4_knn6,primitive_integer_directions,cartesian_coordinate_gray,12,5,84,0.038461538461538464
primitive_q4_knn6,primitive_integer_directions,cartesian_coordinate_gray,12,6,36,0.016483516483516484
primitive_q4_knn6,primitive_integer_directions,cartesian_coordinate_gray,12,7,18,0.008241758241758242
primitive_q4_knn6,primitive_integer_directions,cartesian_coordinate_gray,12,8,6,0.0027472527472527475
primitive_q4_knn6,primitive_integer_directions,cartesian_coordinate_gray,12,9,0,0.0
primitive_q4_knn6,primitive_integer_directions,cartesian_coordinate_gray,12,10,0,0.0
primitive_q4_knn6,primitive_integer_directions,cartesian_coordinate_gray,12,11,0,0.0
primitive_q4_knn6,primitive_integer_directions,cartesian_coordinate_gray,12,12,0,0.0
primitive_q4_knn8,primitive_integer_directions,canonical_index_binary,10,0,0,0.0
primitive_q4_knn8,primitive_integer_directions,canonical_index_binary,10,1,276,0.10087719298245613
primitive_q4_knn8,primitive_integer_directions,canonical_index_binary,10,2,406,0.14839181286549707
primitive_q4_knn8,primitive_integer_directions,canonical_index_binary,10,3,536,0.195906432748538
primitive_q4_knn8,primitive_integer_directions,canonical_index_binary,10,4,534,0.19517543859649122
primitive_q4_knn8,primitive_integer_directions,canonical_index_binary,10,5,440,0.1608187134502924
primitive_q4_knn8,primitive_integer_directions,canonical_index_binary,10,6,297,0.10855263157894737
primitive_q4_knn8,primitive_integer_directions,canonical_index_binary,10,7,158,0.0577485380116959
primitive_q4_knn8,primitive_integer_directions,canonical_index_binary,10,8,67,0.02448830409356725
primitive_q4_knn8,primitive_integer_directions,canonical_index_binary,10,9,18,0.006578947368421052
primitive_q4_knn8,primitive_integer_directions,canonical_index_binary,10,10,4,0.0014619883040935672
primitive_q4_knn8,primitive_integer_directions,canonical_index_gray,10,0,0,0.0
primitive_q4_knn8,primitive_integer_directions,canonical_index_gray,10,1,389,0.1421783625730994
primitive_q4_knn8,primitive_integer_directions,canonical_index_gray,10,2,336,0.12280701754385964
primitive_q4_knn8,primitive_integer_directions,canonical_index_gray,10,3,649,0.23720760233918128
primitive_q4_knn8,primitive_integer_directions,canonical_index_gray,10,4,621,0.22697368421052633
primitive_q4_knn8,primitive_integer_directions,canonical_index_gray,10,5,452,0.1652046783625731
primitive_q4_knn8,primitive_integer_directions,canonical_index_gray,10,6,223,0.08150584795321637
primitive_q4_knn8,primitive_integer_directions,canonical_index_gray,10,7,55,0.02010233918128655
primitive_q4_knn8,primitive_integer_directions,canonical_index_gray,10,8,10,0.003654970760233918
primitive_q4_knn8,primitive_integer_directions,canonical_index_gray,10,9,1,0.0003654970760233918
primitive_q4_knn8,primitive_integer_directions,canonical_index_gray,10,10,0,0.0
primitive_q4_knn8,primitive_integer_directions,cartesian_coordinate_binary,12,0,0,0.0
primitive_q4_knn8,primitive_integer_directions,cartesian_coordinate_binary,12,1,492,0.17982456140350878
primitive_q4_knn8,primitive_integer_directions,cartesian_coordinate_binary,12,2,522,0.19078947368421054
primitive_q4_knn8,primitive_integer_directions,cartesian_coordinate_binary,12,3,432,0.15789473684210525
primitive_q4_knn8,primitive_integer_directions,cartesian_coordinate_binary,12,4,453,0.16557017543859648
primitive_q4_knn8,primitive_integer_directions,cartesian_coordinate_binary,12,5,378,0.13815789473684212
primitive_q4_knn8,primitive_integer_directions,cartesian_coordinate_binary,12,6,207,0.0756578947368421
primitive_q4_knn8,primitive_integer_directions,cartesian_coordinate_binary,12,7,162,0.05921052631578947
primitive_q4_knn8,primitive_integer_directions,cartesian_coordinate_binary,12,8,57,0.020833333333333332
primitive_q4_knn8,primitive_integer_directions,cartesian_coordinate_binary,12,9,24,0.008771929824561403
primitive_q4_knn8,primitive_integer_directions,cartesian_coordinate_binary,12,10,9,0.003289473684210526
primitive_q4_knn8,primitive_integer_directions,cartesian_coordinate_binary,12,11,0,0.0
primitive_q4_knn8,primitive_integer_directions,cartesian_coordinate_binary,12,12,0,0.0
primitive_q4_knn8,primitive_integer_directions,cartesian_coordinate_gray,12,0,0,0.0
primitive_q4_knn8,primitive_integer_directions,cartesian_coordinate_gray,12,1,936,0.34210526315789475
primitive_q4_knn8,primitive_integer_directions,cartesian_coordinate_gray,12,2,828,0.3026315789473684
primitive_q4_knn8,primitive_integer_directions,cartesian_coordinate_gray,12,3,450,0.16447368421052633
primitive_q4_knn8,primitive_integer_directions,cartesian_coordinate_gray,12,4,258,0.09429824561403509
primitive_q4_knn8,primitive_integer_directions,cartesian_coordinate_gray,12,5,180,0.06578947368421052
primitive_q4_knn8,primitive_integer_directions,cartesian_coordinate_gray,12,6,60,0.021929824561403508
primitive_q4_knn8,primitive_integer_directions,cartesian_coordinate_gray,12,7,18,0.006578947368421052
primitive_q4_knn8,primitive_integer_directions,cartesian_coordinate_gray,12,8,6,0.0021929824561403508
primitive_q4_knn8,primitive_integer_directions,cartesian_coordinate_gray,12,9,0,0.0
primitive_q4_knn8,primitive_integer_directions,cartesian_coordinate_gray,12,10,0,0.0
primitive_q4_knn8,primitive_integer_directions,cartesian_coordinate_gray,12,11,0,0.0
primitive_q4_knn8,primitive_integer_directions,cartesian_coordinate_gray,12,12,0,0.0
