execution_order,graph_id,code_length,target_order_within_instance,target_r,budget_seconds,status,model_sha256,variable_count,constraint_count,wall_time_seconds,user_time_seconds,conflict_count,branch_count,has_feasible_witness,certifies_infeasibility,witness_l_max,witness_codebook_sha256
1,icosphere_l0,4,1,2,150,OPTIMAL,200f2e6ac07d74696b2a5d121803a6bb996c9242b8867a0f65170a49aa21cac9,180,165,0.018080000000000002,0.018080000000000002,34,1801,True,False,2,007d01b6cf9d673a09fbab5d341eb0d14364c2137c4a4c1bc89647ae9fcfb351
2,icosphere_l0,5,1,2,150,OPTIMAL,c1df5abfee04084193a5169cff888c141dc1fd2fda4c3a0ce31813e87ce2af55,222,195,0.019205,0.019205,11,3059,True,False,2,bea2ac09fdaa3009e5cee4d68324aa92869efc5f19f1a41bebc8279c93e64b86
3,icosphere_l0,6,1,2,150,OPTIMAL,e15e2344b9a2ce7ba2332754a746e50c0fef284829d59077d82cc30c1084a91e,264,225,0.018084000000000003,0.018084000000000003,95,1440,True,False,2,397f3ebe0a949371843bfd4b034908a0c3a9b83b908d94d0dcdec1a88c1bfaa8
4,icosphere_l0,8,1,2,150,OPTIMAL,4d3423fb60c646e52ab92ec945cc059047f10b10b2fdfca750de398f2b97bd96,348,285,0.01064,0.01064,65,1866,True,False,2,f0acb68b5fb1d755d61bb773d1047023c17f064f1b5a12491f3ee62174929d3f
5,icosphere_l1,6,1,2,400,OPTIMAL,820b241f289c4405131c33458bf7eef3b4579baa363b61f756fba3dee1d95c72,1014,885,10.058371000000001,10.058371000000001,3601,395597,True,False,2,a68fdae72da11cdf5c0169aa1fc12af8127f4de99481e7681ec3fd173bc03b24
6,icosphere_l1,7,1,2,400,OPTIMAL,03162a44ff3d0564b0ac1668c6414f49cbeb94c9317ac44b7fd7d7fb2a38f41b,1176,1005,7.833133,7.833133,5638,100341,True,False,2,3c4c9319363a21cac53e317d3c1347340a854df8377be615d7c276332e006d22
7,icosphere_l1,8,1,2,400,OPTIMAL,83da660a9bdc054060454fcd031229f14c21204083e4046383074cb70fd5bef6,1338,1125,7.878605,7.878605,5370,54226,True,False,2,6be3620f75040e913e371c65d16f7cd14235345520ef23aea7908672c8b300a5
8,icosphere_l1,10,1,2,400,OPTIMAL,23a9c201c955e87f9be0a94d80534333cd4adca9a2e1c1d22a9b3136b808f565,1662,1365,10.840113,10.840113,10870,48292,True,False,2,511769d8ba5c15d1a28de42ce6a5eac020ab3522b3f375f6a244c0d0664d05c3
9,primitive_q2_knn4,7,1,2,900,UNKNOWN,d3c629524d2bf14720a0c3a4e2307c012b3b8078b0696a6bafc3878a412deaf3,2632,2213,900.002818,900.002818,65880,13851061,False,False,,
9,primitive_q2_knn4,7,2,3,900,OPTIMAL,e70fc236f86955d57827e6246f94c5c9174216e6d477ee54ea75015e64a1e4c2,2632,2213,21.585808,21.585808,1701,374035,True,False,3,34403a019a878309ac545cedeeedf755c6650a970e8acf12b83067a23a632bde
9,primitive_q2_knn4,7,3,4,900,OPTIMAL,aa3d61bf11c4010c5abdaab97d6215a8d04ffeeb232150a5e83885c96b11fb3e,2632,2213,4.597,4.597,351,160414,True,False,4,f16a6ca93090630c514549ba913b6ddef1663bf856126f90db0fcb7a47534800
9,primitive_q2_knn4,7,4,5,900,OPTIMAL,adcc385e4d7030f2df5f8e2bb38cc4add193e90dc8d5f1e8a7a813e0c8fa1885,2632,2213,1.265622,1.265622,9,153872,True,False,5,7b7b4c19b4028e9ff4a9a9a3642d35b89a4f154f6db86ef470b3ab4c45b56bba
10,primitive_q2_knn4,9,1,2,3600,OPTIMAL,5052cba816e5d16b6911bbaefcb478bec108bb87db70b177a252dc7dc7c13b26,3356,2741,1140.085724,1140.085724,103025,8566390,True,False,2,e31e5ff7a640a149181ed572509fe5f991c2005b531b07d2deb8dc6be305f88f
11,primitive_q2_knn6,7,1,2,900,UNKNOWN,d1791888e0b9338ccdb408cb7bcb39492aabd1245806d888272b441cc5d0815f,3136,2789,900.0023130000001,900.0023130000001,49366,15429744,False,False,,
11,primitive_q2_knn6,7,2,3,900,OPTIMAL,2279eaaca0672a3dec189300668f1e936edbedd12f069655ae216c3fa701fd59,3136,2789,163.298154,163.298154,11233,2481267,True,False,3,cf86034c90cdd395a4d058052f2e8e02d68660b08afbabd9079dc5b39c0561f1
11,primitive_q2_knn6,7,3,4,900,OPTIMAL,4c5f22420b373bab174293217376de359953cabd10df353706f5de7b4eb0adb7,3136,2789,8.029516000000001,8.029516000000001,402,164444,True,False,4,5edc31e3ccfd225df355ab140efcfc0b6828dcbbb75103a5dfaf29c51e393548
11,primitive_q2_knn6,7,4,5,900,OPTIMAL,975d93c2fecda4123b63ed7bb090d4cd66ea1da3c5c16fce6421dfb8a88def1d,3136,2789,1.6426640000000001,1.6426640000000001,18,156223,True,False,5,77f93948c1dca4237669add075c7866fcd1fee6dcfe14e848c83fac16b7945c6
12,primitive_q2_knn6,9,1,2,3600,UNKNOWN,c116fdd1b71c1d5d37de0ea4aca3cee10d99833a2ecbb354320033768c24047b,4004,3461,3600.0019570000004,3600.0019570000004,255479,55133454,False,False,,
13,primitive_q2_knn8,7,1,2,900,UNKNOWN,58e3f2d5f1551c23ea04847fede8e4b6266cfb44ab07276d42a12dacf0186a0b,3892,3653,900.002185,900.002185,42618,18221396,False,False,,
13,primitive_q2_knn8,7,2,3,900,UNKNOWN,7d0a3faddb61f4fdf21b4f9a9ee2e96948d46b89172b98f0290499847ed43800,3892,3653,900.002415,900.002415,39175,14784032,False,False,,
13,primitive_q2_knn8,7,3,4,900,OPTIMAL,a4e04d3d14236b67324ba67106dba51056a80f41e30d772a5c55184c4b5ab85b,3892,3653,10.020297000000001,10.020297000000001,448,266110,True,False,4,680dda20eb6c82765f3bf444b858cab3beaf1374890d4feea1f03833c998230a
13,primitive_q2_knn8,7,4,5,900,OPTIMAL,3671eec611516e72b242e030545a0ccf322a668740d3b596fb6c637fc9228d16,3892,3653,1.7854500000000002,1.7854500000000002,25,158911,True,False,5,cf5b4de5ac850139e9ac2cf1fbf6e06550e2b50e417890f490c347e2e71c2777
14,primitive_q2_knn8,9,1,2,3600,UNKNOWN,4284909b6de29de985875e379a163ee1674249fdb0b6154ce908887bababb3e4,4976,4541,3600.001364,3600.001364,321462,5397655,False,False,,
15,icosphere_l2,8,1,2,900,UNKNOWN,7d6ac1d41579d1c1b2e89aabaff13d63406e6d8b5c51f454a0f78cd75026bac5,5298,4485,900.003725,900.003725,17799,5241385,False,False,,
15,icosphere_l2,8,2,3,900,UNKNOWN,68fe78e60ca422128b289e74ceb81b94df95114b6db1e30d2fb77ea495a29e14,5298,4485,900.0046150000001,900.0046150000001,25298,4059569,False,False,,
15,icosphere_l2,8,3,4,900,OPTIMAL,2cfc193a04c9642003c0700d0122a9a46e886132cd87ef6392579b96d4a9087b,5298,4485,36.935473,36.935473,1432,267456,True,False,4,d37abcc1b806f5edd94ba5773f0e5b5013a86f7d6eb703e23520aabcd9f75354
15,icosphere_l2,8,4,5,900,OPTIMAL,c5b4d08d2583c6b57ca41382bd32bd07aa6b2680f092d931257759ae9a929761,5298,4485,9.35875,9.35875,184,147915,True,False,5,7bf7413db3aec4e7d3477e0efb7a378317ae4f0f810f0c78caea3183a4b76ee9
15,icosphere_l2,8,5,6,900,OPTIMAL,304cb78f64b1745402b6617d796addac10af7da4db9bc67fa69483e146a55862,5298,4485,2.9255150000000003,2.9255150000000003,27,130434,True,False,6,52e509cc4c6c1f7602d28eb9aabfa9a4292112ae77179267c80a0a849d40b606
15,icosphere_l2,8,6,7,900,OPTIMAL,12af29e265a97dbd2d2ca7413804d41a2d80334a596cb349746629d469664843,5298,4485,2.699328,2.699328,1,130313,True,False,7,6d407aed765757499264e9f554fc89cf39261959fd9c13b12e018c548111e575
16,icosphere_l2,9,1,2,900,UNKNOWN,c038768a5db6bb8fc3381cf31ce40dfffc2c3664ca61caf19aa8de4d2472fd68,5940,4965,900.002328,900.002328,22406,1142589,False,False,,
16,icosphere_l2,9,2,3,900,OPTIMAL,1518f84c1e605ebb4ce050713aa7b7ddd414c84e92c38175717d202b5f753495,5940,4965,495.94741200000004,495.94741200000004,15833,1282282,True,False,3,3d5b152d60d3553af247af924e5bbdb17fc67ad0f9364f602f421daa4232c7c1
16,icosphere_l2,9,3,4,900,OPTIMAL,0af278ac73f788b40f7266a623e406605fdc14522e89990b02567133ca5b479b,5940,4965,107.97903500000001,107.97903500000001,28642,316372,True,False,4,f542e6026da7547eb1dd03d1d396264cb956a3fa75fdcbc246a8d5e3e1391440
16,icosphere_l2,9,4,5,900,OPTIMAL,bc15a04268e33157ace96320e08eda8a1daf3a3834adf5f5c2b60e816d21be92,5940,4965,13.123225000000001,13.123225000000001,1212,105640,True,False,5,edebbc29b8fbcc1443060fd775418c8328cd1cd71ddf30f221e7a257029fa531
16,icosphere_l2,9,5,6,900,OPTIMAL,66e1d2bedace2a78d1003c19efba7705e1d6020687492aac663754f906f4ae23,5940,4965,28.020103000000002,28.020103000000002,19883,130664,True,False,6,1b96d6c167805204e399b06ee072d7e744961d61be0b2eb5790d72f5920783ec
16,icosphere_l2,9,6,7,900,OPTIMAL,b19c6a73e0fd9e86868332f99ae9700a02bef972431c191d5704d319d9f8baa5,5940,4965,21.983048,21.983048,3557,112206,True,False,7,392965cddb51c48de364e3976d130a5c45d53ae0f90e0f87f28cc25820a06f0f
17,icosphere_l2,10,1,2,900,UNKNOWN,a9f0ac2704b1fb9d29c0d7ed57313d69c9f2f56039b76a33a7b0b26a18ec908e,6582,5445,900.0027150000001,900.0027150000001,21214,1372039,False,False,,
17,icosphere_l2,10,2,3,900,OPTIMAL,81bd488b07c6a5d5a97b487971aba87c72b0a92894bd942c146d5394f952b75d,6582,5445,600.2352960000001,600.2352960000001,17798,1723101,True,False,3,9eeceb89c42099c8d5695a39c0796157aa8734e087fd9607ce11f31ccd82c37e
17,icosphere_l2,10,3,4,900,OPTIMAL,c19b1e6c8a29ef201e8a60a1515b0410a5cb7662bc51896edd311617b55f259f,6582,5445,58.706590000000006,58.706590000000006,7539,297162,True,False,4,9e66e4a60a74f91ac55a21116c784402ce9fbe6ac400f80b8862914e5338a666
17,icosphere_l2,10,4,5,900,OPTIMAL,23a596d0a51f9635795d3e1146c7328cec1fbdaa64eda051019096123270f7fe,6582,5445,10.485813,10.485813,1196,115418,True,False,5,9a684841973d5fca7956c064faaa526e88123dbbc4e230db11edc057567b4b3f
17,icosphere_l2,10,5,6,900,OPTIMAL,a25af6cea36586b9c3bd4da831db898313e7638d993fd2f085134e2b87336386,6582,5445,6.856829,6.856829,1217,79031,True,False,6,a6b83bd9f1845477fb7832a6c5844c5690acac5173825212a02f1481a3e9e7d7
17,icosphere_l2,10,6,7,900,OPTIMAL,5ad1c1aaa580597c1845d01faf139cd97b1e18a3d14a48a57cccbf5623d35ccc,6582,5445,14.450589,14.450589,1130,145474,True,False,7,a8b42bdbe8f4bd4218cd479a0e64fe60d9905992df5249ad3f4b4519e874e1a6
18,icosphere_l2,12,1,2,900,UNKNOWN,981196f3e1ebfa4da8d5934f313ea7f10aa2c2d0dc55aca256c4424a585c2af2,7866,6405,900.0019420000001,900.0019420000001,27614,1714239,False,False,,
18,icosphere_l2,12,2,3,900,UNKNOWN,04a999ee18dcd547ed46d4866bd5e40b40465b510a88d6b80ba92574aa0f7d38,7866,6405,900.003058,900.003058,28267,2951229,False,False,,
18,icosphere_l2,12,3,4,900,OPTIMAL,6bf20940e3a089ffae157a422236c1b4c805873e84f506cec40d494ac07b5bef,7866,6405,29.893680000000003,29.893680000000003,6662,154243,True,False,4,36779b38619b94bdeab4d2ccec34c0be5dbeea1b9af41f43be28617de9b62ec3
18,icosphere_l2,12,4,5,900,OPTIMAL,8a2bc58f1791732a088afdbe799cd154bf42f148f6f8f1517eb4b357c1751240,7866,6405,262.98077800000004,262.98077800000004,80443,205255,True,False,5,3850f3feab8fe5cffd34bcdbcbbad2115718cc411dfce3ed3fee0cdfdffaf7b0
18,icosphere_l2,12,5,6,900,OPTIMAL,abfb92276d33d600a246b6d117950ccb29509954ab805fb3635509e08a5dfe0f,7866,6405,311.21222600000004,311.21222600000004,282885,444943,True,False,6,78406bd396bfe844a2d79f8ddde7e97e4e56272323d8d9e98bc1059120a52c26
18,icosphere_l2,12,6,7,900,OPTIMAL,554118c5836bf71d1d52145a784d1c49648b50907d186a3e60a96d5c99e69a5f,7866,6405,13.525079000000002,13.525079000000002,1256,142673,True,False,7,3aa52c046a8b1c963a8b27b40d133c2cdee76c6658267435e95451ced24fa1a5
19,primitive_q3_knn4,9,1,2,3600,UNKNOWN,6be4918802e3b462b0747c9e7484bf4f1645e0567516501cb3e9b7f4df45d545,9596,7733,3600.001631,3600.001631,51997,1800421,False,False,,
19,primitive_q3_knn4,9,2,3,3600,UNKNOWN,b12f66a9606f3fd96aa2e6239ff9758e2424df00aa61ee64c7cafb0e2d029d76,9596,7733,3600.003052,3600.003052,39880,4305114,False,False,,
19,primitive_q3_knn4,9,3,4,3600,OPTIMAL,9783b9eec3f22d065cc032fdeb63cf44e5996867170b6a9da460216cedf20f8a,9596,7733,299.62631000000005,299.62631000000005,5610,955214,True,False,4,4e01e6cbde04343d5dc8d8dbbab4df671216023f2a6c4a575d86800573963fa2
20,primitive_q3_knn6,9,1,2,3600,UNKNOWN,95975f3175e9c769db241f1115195987e0bc3dbd4c967969b2e8d18dc4064630,12836,11333,3600.0040200000003,3600.0040200000003,44287,3089882,False,False,,
20,primitive_q3_knn6,9,2,3,3600,UNKNOWN,98ae75b301c591fd10b583bd6e633a6da7a7ffa99f912496c4de4cd68f6ac6b6,12836,11333,3600.0040520000002,3600.0040520000002,34898,4932215,False,False,,
20,primitive_q3_knn6,9,3,4,3600,UNKNOWN,74a8b5f6372f5e8da9dadd7bc6b19be425d15905e4eec2b46e8405f98ca0ec8f,12836,11333,3600.0033850000004,3600.0033850000004,139490,2150257,False,False,,
21,primitive_q3_knn8,9,1,2,3600,UNKNOWN,91b4a27c742cfdf320cb1e4d26ee07cb4d9ad9e4bdaa0cc3252d727b5337be1c,15644,14453,3600.0034560000004,3600.0034560000004,27829,360359,False,False,,
21,primitive_q3_knn8,9,2,3,3600,UNKNOWN,629e3f59faed320e7ace74045ebad436a1fefe64efc621265434f194f5084158,15644,14453,3600.0052250000003,3600.0052250000003,22473,1889135,False,False,,
21,primitive_q3_knn8,9,3,4,3600,UNKNOWN,b26e8cf1807255039376719872892ba8cfe32f9960f4a0318ee6620df8181e5a,15644,14453,8087.552060000001,8087.552060000001,36718,416079,False,False,,
