graph_id,family,encoding_id,vertex_count,edge_count,code_length,minimum_injective_length,excess_bits,L_max,L_max_edge_count,L_99,L_95,L_mean,L_standard_deviation,L_minimum,unordered_pair_count,spearman_angular_hamming_correlation,mean_absolute_distortion,root_mean_squared_distortion,maximum_absolute_distortion,mean_normalised_hamming_distance,mean_normalised_angular_distance,far_pair_count,far_minimum_raw_hamming_distance,far_mean_raw_hamming_distance,far_minimum_normalised_hamming_distance,far_mean_normalised_hamming_distance,antipodal_pair_count,antipodal_minimum_raw_hamming_distance,antipodal_maximum_raw_hamming_distance,antipodal_mean_raw_hamming_distance,antipodal_minimum_normalised_hamming_distance,antipodal_mean_normalised_hamming_distance,collision_count,unique_codeword_count,largest_collision_class_size,multi_member_collision_class_count,constant_bit_count,maximum_absolute_deviation_from_half,mean_absolute_deviation_from_half,duplicate_bit_column_pair_count,complementary_bit_column_pair_count,maximum_absolute_pearson_correlation
icosphere_l0,icosphere_triangulation,canonical_index_binary,12,30,4,4,0,4,2,4,4,2.066666666666667,0.9285592184789413,1,66,0.0,0.2568435205001313,0.30293652330218374,0.6475836176504333,0.5151515151515151,0.5454545454545454,6,2,2.0,0.5,0.5,6,2,2,2.0,0.5,0.5,0,12,1,0,0,0.16666666666666669,0.08333333333333334,0,0,0.5000000000000001
icosphere_l0,icosphere_triangulation,canonical_index_gray,12,30,4,4,0,4,2,4,4,2.066666666666667,0.9285592184789413,1,66,-0.12155877719378871,0.2568435205001313,0.3283130573413877,0.75,0.5151515151515151,0.5454545454545454,6,1,1.0,0.25,0.25,6,1,1,1.0,0.25,0.25,0,12,1,0,0,0.16666666666666669,0.08333333333333333,0,0,0.5000000000000001
icosphere_l1,icosphere_triangulation,canonical_index_binary,42,120,6,6,0,6,1,5,5,2.65,1.2626031311012447,1,861,0.04085635628240404,0.22455013944192698,0.28232642006083525,0.8,0.48180410375532323,0.5121951219291838,141,1,2.900709219858156,0.16666666666666666,0.4834515366430259,21,2,4,2.5238095238095237,0.3333333333333333,0.42063492063492064,0,42,1,0,0,0.2619047619047619,0.08333333333333336,0,0,0.43852900965351455
icosphere_l1,icosphere_triangulation,canonical_index_gray,42,120,6,6,0,5,6,5,5,2.3,1.1372481406154653,1,861,0.21757898674978832,0.1948169826471605,0.2540536983555403,0.8333333333333334,0.48180410375532323,0.5121951219291838,141,1,3.297872340425532,0.16666666666666666,0.549645390070922,21,1,6,2.8095238095238093,0.16666666666666666,0.4682539682539682,0,42,1,0,0,0.2619047619047619,0.08333333333333336,0,0,0.43852900965351455
icosphere_l2,icosphere_triangulation,canonical_index_binary,162,480,8,8,0,8,2,7,6,3.4125,1.5813529281388559,1,13041,0.039401660155478614,0.2191228774609742,0.2719153853928754,0.9088197011502717,0.47696687370600416,0.5031055900540584,1791,1,3.7828029034059183,0.125,0.4728503629257398,81,2,7,3.765432098765432,0.25,0.470679012345679,0,162,1,0,0,0.29012345679012347,0.06404320987654323,0,0,0.41649656391752143
icosphere_l2,icosphere_triangulation,canonical_index_gray,162,480,8,8,0,8,1,7,6,3.2083333333333335,1.6273487299558411,1,13041,0.13576803159865422,0.20684795229128983,0.25833882656581664,0.9118959044126085,0.47696687370600416,0.5031055900540584,1791,1,3.9843662758235623,0.125,0.4980457844779453,81,1,7,3.7160493827160495,0.125,0.4645061728395062,0,162,1,0,0,0.29012345679012347,0.06404320987654323,0,0,0.41649656391752143
icosphere_l3,icosphere_triangulation,canonical_index_binary,642,1920,10,10,0,10,2,8,7,3.980208333333333,1.972367432789985,1,205761,0.03963671750917375,0.21329105359879966,0.2630608500736151,0.9555653345256991,0.47906503176014886,0.5007800311982484,29871,1,4.793813397609722,0.1,0.4793813397609722,321,2,9,4.738317757009346,0.2,0.47383177570093454,0,642,1,0,0,0.29750778816199375,0.050623052959501556,0,0,0.4103581148014742
icosphere_l3,icosphere_triangulation,canonical_index_gray,642,1920,10,10,0,10,2,8,7,3.808333333333333,2.0748326572414353,1,205761,0.15301155534539257,0.19919038428911,0.24750968686874147,0.9544098505751357,0.47906503176014886,0.5007800311982484,29871,1,5.090823876000134,0.1,0.5090823876000133,321,1,9,5.043613707165109,0.1,0.5043613707165109,0,642,1,0,0,0.29750778816199375,0.050623052959501535,0,0,0.4103581148014747
primitive_q2_knn4,primitive_integer_directions,canonical_index_binary,98,264,7,7,0,7,2,6,5,2.9393939393939394,1.3858460699732271,1,4753,0.1300442896601504,0.2140369298817799,0.2663338507043866,0.9015807092018451,0.49150912205824887,0.5051546391548147,745,1,3.578523489932886,0.14285714285714285,0.5112176414189837,49,1,5,3.857142857142857,0.14285714285714285,0.5510204081632653,0,98,1,0,0,0.15306122448979592,0.04956268221574345,0,0,0.44117647058823534
primitive_q2_knn4,primitive_integer_directions,canonical_index_gray,98,264,7,7,0,6,7,6,5,2.6742424242424243,1.3455663003000684,1,4753,0.2179290817443592,0.20258916466738874,0.25149944772999727,0.8571428571428572,0.49150912205824887,0.5051546391548147,745,1,3.840268456375839,0.14285714285714285,0.5486097794822626,49,1,5,4.1020408163265305,0.14285714285714285,0.58600583090379,0,98,1,0,0,0.15306122448979592,0.04956268221574344,0,0,0.4411764705882354
primitive_q2_knn4,primitive_integer_directions,cartesian_coordinate_binary,98,264,9,7,2,8,3,8,6,2.8181818181818183,1.6134763044817135,1,4753,0.19906156442898687,0.21256045349245833,0.2616121027615012,0.8888888888888888,0.4242232975664493,0.5051546391548147,745,1,4.159731543624161,0.1111111111111111,0.4621923937360179,49,1,3,2.510204081632653,0.1111111111111111,0.2789115646258503,0,98,1,0,0,0.33673469387755106,0.14285714285714285,0,0,0.4508348173337162
primitive_q2_knn4,primitive_integer_directions,cartesian_coordinate_gray,98,264,9,7,2,3,24,3,3,1.5454545454545454,0.6555547773570889,1,4753,0.6390773472108742,0.14259812594313603,0.1873751316150867,0.7777777777777778,0.4198050354162284,0.5051546391548147,745,2,5.097986577181208,0.2222222222222222,0.5664429530201343,49,2,6,5.020408163265306,0.2222222222222222,0.5578231292517006,0,98,1,0,0,0.33673469387755106,0.16666666666666666,0,0,0.37463432463267765
primitive_q2_knn6,primitive_integer_directions,canonical_index_binary,98,336,7,7,0,7,2,6,5,2.9702380952380953,1.3926917891267736,1,4753,0.1300442896601504,0.2140369298817799,0.2663338507043866,0.9015807092018451,0.49150912205824887,0.5051546391548147,745,1,3.578523489932886,0.14285714285714285,0.5112176414189837,49,1,5,3.857142857142857,0.14285714285714285,0.5510204081632653,0,98,1,0,0,0.15306122448979592,0.04956268221574345,0,0,0.44117647058823534
primitive_q2_knn6,primitive_integer_directions,canonical_index_gray,98,336,7,7,0,6,7,6,5,2.767857142857143,1.2862515411889248,1,4753,0.2179290817443592,0.20258916466738874,0.25149944772999727,0.8571428571428572,0.49150912205824887,0.5051546391548147,745,1,3.840268456375839,0.14285714285714285,0.5486097794822626,49,1,5,4.1020408163265305,0.14285714285714285,0.58600583090379,0,98,1,0,0,0.15306122448979592,0.04956268221574344,0,0,0.4411764705882354
primitive_q2_knn6,primitive_integer_directions,cartesian_coordinate_binary,98,336,9,7,2,8,3,7,6,3.0714285714285716,1.6350747346085137,1,4753,0.19906156442898687,0.21256045349245833,0.2616121027615012,0.8888888888888888,0.4242232975664493,0.5051546391548147,745,1,4.159731543624161,0.1111111111111111,0.4621923937360179,49,1,3,2.510204081632653,0.1111111111111111,0.2789115646258503,0,98,1,0,0,0.33673469387755106,0.14285714285714285,0,0,0.4508348173337162
primitive_q2_knn6,primitive_integer_directions,cartesian_coordinate_gray,98,336,9,7,2,3,48,3,3,1.7142857142857142,0.6998542122237651,1,4753,0.6390773472108742,0.14259812594313603,0.1873751316150867,0.7777777777777778,0.4198050354162284,0.5051546391548147,745,2,5.097986577181208,0.2222222222222222,0.5664429530201343,49,2,6,5.020408163265306,0.2222222222222222,0.5578231292517006,0,98,1,0,0,0.33673469387755106,0.16666666666666666,0,0,0.37463432463267765
primitive_q2_knn8,primitive_integer_directions,canonical_index_binary,98,444,7,7,0,7,3,6,5,3.02027027027027,1.4036772552349386,1,4753,0.1300442896601504,0.2140369298817799,0.2663338507043866,0.9015807092018451,0.49150912205824887,0.5051546391548147,745,1,3.578523489932886,0.14285714285714285,0.5112176414189837,49,1,5,3.857142857142857,0.14285714285714285,0.5510204081632653,0,98,1,0,0,0.15306122448979592,0.04956268221574345,0,0,0.44117647058823534
primitive_q2_knn8,primitive_integer_directions,canonical_index_gray,98,444,7,7,0,6,8,6,5,2.81981981981982,1.2888866499285079,1,4753,0.2179290817443592,0.20258916466738874,0.25149944772999727,0.8571428571428572,0.49150912205824887,0.5051546391548147,745,1,3.840268456375839,0.14285714285714285,0.5486097794822626,49,1,5,4.1020408163265305,0.14285714285714285,0.58600583090379,0,98,1,0,0,0.15306122448979592,0.04956268221574344,0,0,0.4411764705882354
primitive_q2_knn8,primitive_integer_directions,cartesian_coordinate_binary,98,444,9,7,2,8,3,7,6,3.108108108108108,1.6071425672776762,1,4753,0.19906156442898687,0.21256045349245833,0.2616121027615012,0.8888888888888888,0.4242232975664493,0.5051546391548147,745,1,4.159731543624161,0.1111111111111111,0.4621923937360179,49,1,3,2.510204081632653,0.1111111111111111,0.2789115646258503,0,98,1,0,0,0.33673469387755106,0.14285714285714285,0,0,0.4508348173337162
primitive_q2_knn8,primitive_integer_directions,cartesian_coordinate_gray,98,444,9,7,2,3,48,3,3,1.7297297297297298,0.6429933650470443,1,4753,0.6390773472108742,0.14259812594313603,0.1873751316150867,0.7777777777777778,0.4198050354162284,0.5051546391548147,745,2,5.097986577181208,0.2222222222222222,0.5664429530201343,49,2,6,5.020408163265306,0.2222222222222222,0.5578231292517006,0,98,1,0,0,0.33673469387755106,0.16666666666666666,0,0,0.37463432463267765
primitive_q3_knn4,primitive_integer_directions,canonical_index_binary,290,744,9,9,0,9,1,8,6,3.4905913978494625,1.710158665446359,1,41905,0.08694220892129861,0.21171492972124875,0.2621146803089033,0.9249123274574191,0.4669212106749394,0.5017301037998348,6349,1,4.362734288864388,0.1111111111111111,0.4847482543182653,145,1,6,4.475862068965517,0.1111111111111111,0.4973180076628353,0,290,1,0,0,0.38275862068965516,0.0628352490421456,0,0,0.32394177193585016
primitive_q3_knn4,primitive_integer_directions,canonical_index_gray,290,744,9,9,0,8,1,6,6,2.911290322580645,1.5214175095263776,1,41905,0.17286660041187524,0.20114540126611705,0.24916895360253558,0.8888888888888888,0.4669212106749393,0.5017301037998348,6349,1,4.484958261143487,0.1111111111111111,0.4983286956826097,145,1,5,4.641379310344828,0.1111111111111111,0.5157088122605363,0,290,1,0,0,0.38275862068965516,0.0628352490421456,0,0,0.3239417719358503
primitive_q3_knn4,primitive_integer_directions,cartesian_coordinate_binary,290,744,9,9,0,7,6,6,5,2.4838709677419355,1.3824001507881367,1,41905,0.4336421880715489,0.1661429845318948,0.20710935237702868,0.7777777777777778,0.48644950880960897,0.5017301037998348,6349,2,5.442431879036069,0.2222222222222222,0.6047146532262299,145,2,6,4.510344827586207,0.2222222222222222,0.5011494252873563,0,290,1,0,0,0.11379310344827587,0.08390804597701149,0,0,0.21158077036630726
primitive_q3_knn4,primitive_integer_directions,cartesian_coordinate_gray,290,744,9,9,0,5,48,5,5,1.8709677419354838,1.2112892487431346,1,41905,0.491671223148478,0.1584682683425014,0.19605948393518835,0.7777777777777778,0.49014039692956296,0.5017301037998348,6349,1,5.364939360529217,0.1111111111111111,0.5961043733921353,145,2,6,5.337931034482758,0.2222222222222222,0.593103448275862,0,290,1,0,0,0.08620689655172409,0.07471264367816093,0,0,0.1884989123811666
primitive_q3_knn6,primitive_integer_directions,canonical_index_binary,290,1104,9,9,0,9,4,8,6,3.601449275362319,1.6989547301100294,1,41905,0.08694220892129861,0.21171492972124875,0.2621146803089033,0.9249123274574191,0.4669212106749394,0.5017301037998348,6349,1,4.362734288864388,0.1111111111111111,0.4847482543182653,145,1,6,4.475862068965517,0.1111111111111111,0.4973180076628353,0,290,1,0,0,0.38275862068965516,0.0628352490421456,0,0,0.32394177193585016
primitive_q3_knn6,primitive_integer_directions,canonical_index_gray,290,1104,9,9,0,8,1,6,6,3.097826086956522,1.508260702453607,1,41905,0.17286660041187524,0.20114540126611705,0.24916895360253558,0.8888888888888888,0.4669212106749393,0.5017301037998348,6349,1,4.484958261143487,0.1111111111111111,0.4983286956826097,145,1,5,4.641379310344828,0.1111111111111111,0.5157088122605363,0,290,1,0,0,0.38275862068965516,0.0628352490421456,0,0,0.3239417719358503
primitive_q3_knn6,primitive_integer_directions,cartesian_coordinate_binary,290,1104,9,9,0,7,12,7,5,2.7717391304347827,1.3839394061060466,1,41905,0.4336421880715489,0.1661429845318948,0.20710935237702868,0.7777777777777778,0.48644950880960897,0.5017301037998348,6349,2,5.442431879036069,0.2222222222222222,0.6047146532262299,145,2,6,4.510344827586207,0.2222222222222222,0.5011494252873563,0,290,1,0,0,0.11379310344827587,0.08390804597701149,0,0,0.21158077036630726
primitive_q3_knn6,primitive_integer_directions,cartesian_coordinate_gray,290,1104,9,9,0,5,48,5,4,2.0217391304347827,1.132314490704819,1,41905,0.491671223148478,0.1584682683425014,0.19605948393518835,0.7777777777777778,0.49014039692956296,0.5017301037998348,6349,1,5.364939360529217,0.1111111111111111,0.5961043733921353,145,2,6,5.337931034482758,0.2222222222222222,0.593103448275862,0,290,1,0,0,0.08620689655172409,0.07471264367816093,0,0,0.1884989123811666
primitive_q3_knn8,primitive_integer_directions,canonical_index_binary,290,1416,9,9,0,9,7,8,7,3.660310734463277,1.7031894024835375,1,41905,0.08694220892129861,0.21171492972124875,0.2621146803089033,0.9249123274574191,0.4669212106749394,0.5017301037998348,6349,1,4.362734288864388,0.1111111111111111,0.4847482543182653,145,1,6,4.475862068965517,0.1111111111111111,0.4973180076628353,0,290,1,0,0,0.38275862068965516,0.0628352490421456,0,0,0.32394177193585016
primitive_q3_knn8,primitive_integer_directions,canonical_index_gray,290,1416,9,9,0,8,1,6,6,3.2104519774011298,1.5096874818622463,1,41905,0.17286660041187524,0.20114540126611705,0.24916895360253558,0.8888888888888888,0.4669212106749393,0.5017301037998348,6349,1,4.484958261143487,0.1111111111111111,0.4983286956826097,145,1,5,4.641379310344828,0.1111111111111111,0.5157088122605363,0,290,1,0,0,0.38275862068965516,0.0628352490421456,0,0,0.3239417719358503
primitive_q3_knn8,primitive_integer_directions,cartesian_coordinate_binary,290,1416,9,9,0,7,12,6,5,2.906779661016949,1.4051195023404637,1,41905,0.4336421880715489,0.1661429845318948,0.20710935237702868,0.7777777777777778,0.48644950880960897,0.5017301037998348,6349,2,5.442431879036069,0.2222222222222222,0.6047146532262299,145,2,6,4.510344827586207,0.2222222222222222,0.5011494252873563,0,290,1,0,0,0.11379310344827587,0.08390804597701149,0,0,0.21158077036630726
primitive_q3_knn8,primitive_integer_directions,cartesian_coordinate_gray,290,1416,9,9,0,5,48,5,4,2.1186440677966103,1.1362254753962284,1,41905,0.491671223148478,0.1584682683425014,0.19605948393518835,0.7777777777777778,0.49014039692956296,0.5017301037998348,6349,1,5.364939360529217,0.1111111111111111,0.5961043733921353,145,2,6,5.337931034482758,0.2222222222222222,0.593103448275862,0,290,1,0,0,0.08620689655172409,0.07471264367816093,0,0,0.1884989123811666
primitive_q4_knn4,primitive_integer_directions,canonical_index_binary,578,1416,10,10,0,10,2,8,7,3.8608757062146895,1.866216245494218,1,166753,0.14798384824653985,0.20120766904453255,0.24961002736791627,0.9679545489656213,0.4691591755470666,0.5008665511244271,24973,1,5.0633884595362995,0.1,0.5063388459536299,289,1,7,5.401384083044983,0.1,0.5401384083044982,0,578,1,0,0,0.38581314878892736,0.05622837370242216,0,0,0.32013196036898506
primitive_q4_knn4,primitive_integer_directions,canonical_index_gray,578,1416,10,10,0,9,1,7,6,3.42090395480226,1.5920754591449107,1,166753,0.16306072394852805,0.19961449606822276,0.2474448220572455,0.9,0.4691591755470666,0.5008665511244271,24973,1,4.895647299083009,0.1,0.48956472990830097,289,1,5,4.709342560553633,0.1,0.4709342560553634,0,578,1,0,0,0.38581314878892736,0.05622837370242216,0,0,0.32013196036898495
primitive_q4_knn4,primitive_integer_directions,cartesian_coordinate_binary,578,1416,12,10,2,10,3,9,7,3.5254237288135593,1.9253521113441259,1,166753,0.24888384766745839,0.19728027551264163,0.24336112323272532,0.9145805337295516,0.4166431788333643,0.5008665511244271,24973,1,5.581467985424259,0.08333333333333333,0.4651223321186882,289,2,6,4.339100346020762,0.16666666666666666,0.3615916955017301,0,578,1,0,0,0.4031141868512111,0.1323529411764706,0,0,0.34740416688982584
primitive_q4_knn4,primitive_integer_directions,cartesian_coordinate_gray,578,1416,12,10,2,8,6,7,5,2.288135593220339,1.396737693700685,1,166753,0.46489455104538696,0.16594292732404506,0.21183801637294866,0.8333333333333334,0.41695501730103807,0.5008665511244271,24973,1,5.9019741320626276,0.08333333333333333,0.4918311776718856,289,2,6,5.501730103806229,0.16666666666666666,0.458477508650519,0,578,1,0,0,0.4031141868512111,0.13148788927335642,0,0,0.3024281990832647
primitive_q4_knn6,primitive_integer_directions,canonical_index_binary,578,2184,10,10,0,10,2,8,7,3.9047619047619047,1.8521582396695644,1,166753,0.14798384824653985,0.20120766904453255,0.24961002736791627,0.9679545489656213,0.4691591755470666,0.5008665511244271,24973,1,5.0633884595362995,0.1,0.5063388459536299,289,1,7,5.401384083044983,0.1,0.5401384083044982,0,578,1,0,0,0.38581314878892736,0.05622837370242216,0,0,0.32013196036898506
primitive_q4_knn6,primitive_integer_directions,canonical_index_gray,578,2184,10,10,0,9,1,7,6,3.4505494505494507,1.5596590422719716,1,166753,0.16306072394852805,0.19961449606822276,0.2474448220572455,0.9,0.4691591755470666,0.5008665511244271,24973,1,4.895647299083009,0.1,0.48956472990830097,289,1,5,4.709342560553633,0.1,0.4709342560553634,0,578,1,0,0,0.38581314878892736,0.05622837370242216,0,0,0.32013196036898495
primitive_q4_knn6,primitive_integer_directions,cartesian_coordinate_binary,578,2184,12,10,2,10,3,9,7,3.5494505494505493,1.9876748593408686,1,166753,0.24888384766745839,0.19728027551264163,0.24336112323272532,0.9145805337295516,0.4166431788333643,0.5008665511244271,24973,1,5.581467985424259,0.08333333333333333,0.4651223321186882,289,2,6,4.339100346020762,0.16666666666666666,0.3615916955017301,0,578,1,0,0,0.4031141868512111,0.1323529411764706,0,0,0.34740416688982584
primitive_q4_knn6,primitive_integer_directions,cartesian_coordinate_gray,578,2184,12,10,2,8,6,7,5,2.2857142857142856,1.3324827218698307,1,166753,0.46489455104538696,0.16594292732404506,0.21183801637294866,0.8333333333333334,0.41695501730103807,0.5008665511244271,24973,1,5.9019741320626276,0.08333333333333333,0.4918311776718856,289,2,6,5.501730103806229,0.16666666666666666,0.458477508650519,0,578,1,0,0,0.4031141868512111,0.13148788927335642,0,0,0.3024281990832647
primitive_q4_knn8,primitive_integer_directions,canonical_index_binary,578,2736,10,10,0,10,4,8,7,3.89546783625731,1.8466525548468014,1,166753,0.14798384824653985,0.20120766904453255,0.24961002736791627,0.9679545489656213,0.4691591755470666,0.5008665511244271,24973,1,5.0633884595362995,0.1,0.5063388459536299,289,1,7,5.401384083044983,0.1,0.5401384083044982,0,578,1,0,0,0.38581314878892736,0.05622837370242216,0,0,0.32013196036898506
primitive_q4_knn8,primitive_integer_directions,canonical_index_gray,578,2736,10,10,0,9,1,7,6,3.495614035087719,1.5790509225301654,1,166753,0.16306072394852805,0.19961449606822276,0.2474448220572455,0.9,0.4691591755470666,0.5008665511244271,24973,1,4.895647299083009,0.1,0.48956472990830097,289,1,5,4.709342560553633,0.1,0.4709342560553634,0,578,1,0,0,0.38581314878892736,0.05622837370242216,0,0,0.32013196036898495
primitive_q4_knn8,primitive_integer_directions,cartesian_coordinate_binary,578,2736,12,10,2,10,9,9,7,3.5350877192982457,1.9920007775019775,1,166753,0.24888384766745839,0.19728027551264163,0.24336112323272532,0.9145805337295516,0.4166431788333643,0.5008665511244271,24973,1,5.581467985424259,0.08333333333333333,0.4651223321186882,289,2,6,4.339100346020762,0.16666666666666666,0.3615916955017301,0,578,1,0,0,0.4031141868512111,0.1323529411764706,0,0,0.34740416688982584
primitive_q4_knn8,primitive_integer_directions,cartesian_coordinate_gray,578,2736,12,10,2,8,6,6,5,2.3421052631578947,1.3975476476729367,1,166753,0.46489455104538696,0.16594292732404506,0.21183801637294866,0.8333333333333334,0.41695501730103807,0.5008665511244271,24973,1,5.9019741320626276,0.08333333333333333,0.4918311776718856,289,2,6,5.501730103806229,0.16666666666666666,0.458477508650519,0,578,1,0,0,0.4031141868512111,0.13148788927335642,0,0,0.3024281990832647
